何,what,nani
あ,a,a
あなた,you,anata
言,Word,gen
行,line,kudari
人,Man,hito
知,Knowledge,chi
事,case,koto
彼女,she,kanojo
お前,you,omae
話,Story,hanashi
来,Coming,ki
分か,Division,waka
者,person,mono
聞,Hearing,聞
死,death,shi
時,Time,toki
殺,Murder,ya
前,Before,mae
中,During ~,naka
達,Daiser,itaru
必要,need,hitsuyō
あの,that,ano
気,air,ki
大丈夫,are you OK,daijōbu
自分,myself,jibun
持,Holding,ji
本当,TRUE,hontō
時間,time,jikan
我々,we,wareware
一,one,ichi
的,Intended,teki
無,Nothing,mu
ありがとう,thank you,arigatō
家,House,ie
会,Meeting,kai
日,Day,hi
年,Year,toshi
仕事,work,shigoto
手,hand,te
一緒,together,issho
後,rear,nochi
出来,Good,deki
他,other,ta
入,Entering,iri
電話,phone,denwa
目,eye,me
様,looks,yō
分,Part,bun
車,car,kuruma
所,Place,tokoro
あんた,You,anta
度,Every time,do
同じ,same,onaji
場所,place,basho
問題,problem,mondai
子供,child,kodomo
愛,Love,ai
金,Money,kimu
名前,name,namae
子,Child,ko
信,Religion,shin
さあ,here we go,sā
少し,a bit,sukoshi
使,Use,shi
全て,all,subete
世界,world,sekai
教え,lesson,oshie
通り,street,tōri
来る,come,kuru
上,Up,ue
入れ,Get in,ire
人間,human,ningen
行け,go,ike
今日,today,kyō
物,thing,mono
女,woman,onna
呼,Call,ko
生き,Life,iki
あれ,that,are
じゃあ,Then,jā
止め,Stop,tome
心配,anxiety,shimpai
母,mother,haha
連れ,Companion,tsure
関係,relationship,kankei
外,Outside,soto
家族,family,kazoku
起き,Rising,oki
意味,meaning,imi
神,God,kami
警察,police,keisatsu
力,Power,chikara
最後,last,saigo
作,Work,saku
次,Next,tsugi
息子,son,musuko
取,Take,to
全部,All,zembu
間,while,ma
書,book,sho
捜査,investigation,sōsa
起こ,Ranging,oko
回,times,kai
別,another,betsu
情報,information,jōhō
理由,reason,riyū
数,number,kazu
一人,One person,ichinin
部屋,room,heya
以上,that's all,ijō
人生,life,jinsei
急,Sudden,kyū
食べ,eat,tabe
女性,woman,josei
続け,continue,tsuzuke
事件,Case,jiken
始め,start,hajime
最初,first time,saisho
連絡,contact,renraku
まあ,oh dear,mā
調べ,Investigation,shirabe
安全,safety,anzen
下さ,Slapstick,kudasa
楽し,Pleasure,tanoshi
殺人,murder,satsujin
下,under,shita
万,Ten thousand,ban
友達,friend,tomodachi
約束,promise,yakusoku
二,two,ni
結婚,marriage,kekkon
無理,unreasonableness,muri
感じ,Feeling,kanji
得,Benefit,toku
最高,Best,saikō
送,Sending,oku
計画,plan,keikaku
仲間,fellow,nakama
先,Precedence,saki
可能,Possible,kanō
あいつ,that person,aitsu
あと,another thing,ato
明日,tomorrow,ashita
変わ,Change,kawa
聞こえ,Hear,kikoe
確認,confirmation,kakunin
命,life,inochi
着,Wearing,chaku
与え,Giving,atae
全員,All,zen'in
動,Movement,dō
理解,Understanding,rikai
二人,Two persons,ninin
開け,open,ake
友人,friend,yūjin
機,Machine,ki
不,Unprecedented,fu
あげ,Gain,age
離れ,Farewell,hanare
戦,War,sen
先生,teacher,sensei
言え,say,ie
質問,question,shitsumon
置,Place,置
犯人,culprit,hannin
受け,received,uke
感,Feeling,kan
第,First,dai
あぁ,Ahh,ā
伝え,Conveyor,tsutae
素晴らし,Wonderful,subarashi
ドア,door,doa
本,Book,hon
乗,Boarding,no
用,for,yō
感謝,Gratitude,kansha
正し,Right,tadashi
言葉,words,kotoba
大,Big,dai
立,Standing,tatsu
写真,photograph,shashin
２人,Two people,2nin
説明,explanation,setsumei
博士,Doctor,hakase
強,strength,tsuyo
絶対,absolutely,zettai
座,seat,za
国,Country,kuni
向か,Opposite,mukaika
名,given name,na
ある,be,aru
野郎,Bogus,yarō
番,Rank,ban
一番,number one,ichiban
重要,important,jūyō
状況,situation,jōkyō
元気,well,genki
水,water,mizu
変え,Change,kae
十分,sufficient,jūfun
週間,week,shūkan
やあ,Hi,yā
父親,father,chichioya
間違い,error,machigai
王,king,ō
了解,roger that,ryōkai
相手,partner,aite
員,Member,in
声,voice,koe
会え,Meet,ae
音,sound,oto
多く,Many,ōku
消え,vanish,kie
会社,company,kaisha
簡単,easy,kantan
選,Election,sen
残念,disappointing,zannen
自由,freedom,jiyū
自身,Themselves,jishin
等,etc,hitoshi
一体,Integral,ittai
人々,people,hitobito
報告,report,hōkoku
読,Reading,読
過ぎ,Over,sugi
通,Passage,tsū
アメリカ,America,amerika
元,Origin,moto
命令,order,meirei
高,High,kō
体,body,karada
大統領,president,daitōryō
月,Month,tsuki
警官,Police officer,keikan
語,word,katari
学校,school,gakkō
対,versus,tai
決め,Decision,kime
真実,truth,shinjitsu
初めて,first time,hajimete
口,mouth,kuchi
大変,hard,taihen
要,Key,yō
変,strange,hen
戦争,war,sensō
学,Learning,gaku
あそこ,over there,asoko
武器,weapon,buki
店,shop,mise
母親,mother,hahaoya
刑事,Criminal,keiji
気持ち,feeling,kimochi
間違,mistake,hazama違
運,luck,un
記録,record,kiroku
光,light,hikari
手伝,help,teden
深,Deep,fuka
落ち着,Calmness,ochigi
存在,Existence,sonzai
実,fruit,mi
役,Role,yaku
病院,hospital,byōin
住,Residence,jū
責任,responsibility,sekinin
あっ,Ah,atsu
普通,usually,futsū
行動,Behavior,kōdō
大きな,big,ōkina
監視,Monitoring,kanshi
協力,cooperation,kyōryoku
多分,perhaps,tabun
実際,actual,jissai
足,legs,ashi
地球,Earth,chikyū
生活,life,seikatsu
任せ,leave to,makase
気分,feeling,kibun
解決,Solution,kaiketsu
結果,result,kekka
調査,investigation,chōsa
研究,the study,kenkyū
何処,where,doko
発見,discover,hakken
場,Place,ba
大事,Important,daiji
止ま,Stopping,toma
興味,interest,kyōmi
大き,big,ōki
生,Living,nama
なあ,What,nā
運転,drive,unten
ヶ月,months,kagetsu
多,Many,ō
１人,One person,1nin
番号,number,bangō
状態,situation,jōtai
来い,come,koi
開,Open,hiraku
上手,good,jōzu
済,done,sumi
場合,case,baai
刑務,Sentence,keimu
今度,next time,kondo
以外,apart from,igai
朝,morning,asa
飛行,Flight,hikō
あまり,not much,amari
近く,shortly,chikaku
後ろ,behind,ushiro
目的,the purpose,mokuteki
歌,song,uta
面白,Fun,omoshiro
弁護,Defense,bengo
客,Customer,kyaku
売,Selling,u
特別,special,tokubetsu
昨日,yesterday,kinō
少な,Small,sukuna
認め,Recognition,mitome
死体,cadaver,shitai
医者,doctor,isha
装置,Device,sōchi
共,Both,tomo
唯一,Only,yuiitsu
あんな,Such a thing,anna
不明,not clear,fumei
限り,as long as,kagiri
信用,credit,shin'yō
美し,beautiful,utsukushi
用意,preparation,yōi
話せ,Talk,hanase
移動,Migration,idō
映画,movie,eiga
美咲,Beautiful Saki,misaki
取引,transaction,torihiki
最近,recently,saikin
現場,Site,gemba
事故,accident,jiko
連中,Their colleagues,renchū
過去,past,kako
全く,not at all,mattaku
選択,Selection,sentaku
完全,Perfect,kanzen
信じ,Belief,shinji
信頼,trust,shinrai
町,town,machi
何故,why,naze
始ま,Beginning,hajima
精神,spirit,seishin
付け,Attachment,tsuke
あら,fault,ara
女の子,girl,onnanoko
気づ,Awareness,kizu
記憶,Memory,kioku
頑張,Hard -working,gamba
2人,Two people,2nin
素敵,splendid,suteki
身,Body,mi
価値,worth,kachi
有,Existence,yū
非常,Informal,hijō
三,three,san
最も,most,mottomo
両親,parents,ryōshin
人物,person,jimbutsu
生まれ,birth,umare
警備,security,keibi
以前,Before,izen
無事,Safely,buji
聞け,Hear,kike
決して,never,kesshite
銀行,Bank,ginkō
馬鹿,fool,baka
裁判,trial,saiban
降り,Falling off,furi
大学,University,daigaku
州,state,shū
今回,this time,konkai
空,Sky,sora
経験,experience,keiken
本物,Real thing,hommono
部,Department,bu
化,Change,ka
未来,future,mirai
正直,honest,shōjiki
年間,Year,nenkan
無駄,waste,muda
現れ,Appearance,araware
島,island,shima
病気,disease,byōki
内,Inside,uchi
風,Wind,kaze
結構,very well,kekkō
治療,Treatment,chiryō
予定,schedule,yotei
点,point,ten
1人,1 person,1nin
許可,permission,kyoka
勇気,courage,yūki
最悪,terrible ,saiaku
本気,Seriousness,honki
全然,at all,zenzen
任務,mission,nimmu
日本,Japan,nippon
作戦,Strategy,sakusen
成功,success,seikō
進,Proceeding,susumu
近づ,Close,kinzu
品,Item,shina
消,Extinguishing,shō
小さな,small,chīsana
科学,Science,kagaku
放,Relief,hō
向こう,Across,mukō
事実,fact,jijitsu
食,Food,shoku
関,Relation,seki
戦い,Fight,tatakai
少年,boy,shōnen
爆発,explosion,bakuhatsu
現実,reality,genjitsu
保護,protection,hogo
地下,underground,chika
隊,Squad,tai
地,Land,chi
別れ,farewell,wakare
時代,Era,jidai
使え,Useful,tsukae
組織,Organization,soshiki
式,formula,shiki
落ち着け,Calmness,ochitsuke
動物,animal,dōbutsu
無し,none,nashi
下が,Below,shitaga
技術,Technology,gijutsu
個人,Individual,kojin
期待,Expectation,kitai
調子,condition,chōshi
線,line,sen
局,Bureau,tsubone
利用,use,riyō
主人,master,shujin
館,Mansion,tate
毎日,every day,mainichi
付,Attached,tsuke
当然,Of course,tōzen
患者,patient,kanja
全,all,chon
今朝,this morning,kesa
過ご,Passing,kago
馬,Horse,uma
あー,ah,ā
あたし,I,atashi
立て,stand up,date
地獄,hell,jigoku
：,:,:
合,Agency,gō
続,Continuation,zoku
陛下,His Majesty,heika
小さ,small,chīsa
火,fire,hi
平気,Calm,heiki
世話,care,sewa
能力,ability,nōryoku
理子,Riko,satoko
検査,test,kensa
アレックス,Alex,arekkusu
木,wood,ki
号,issue,gō
山,Mountain,yama
解,Solution,kai
警部,Police officer,keibu
食事,meal,shokuji
幸運,Good luck,kōun
構,Lingering,構
侵入,Invasion,shinnyū
駄目,Useless,dame
緊急,emergency,kinkyū
親父,father,oyaji
気付,care,kitsuke
主,main,aruji
速,Speed,haya
代わり,Substitute,kawari
休,Rest,kyū
原因,Cause,gen'in
警告,caveat,keikoku
山里,Mountain village,yamazato
特に,especially,tokuni
部下,subordinate,buka
運命,destiny,ummei
到着,arrival,tōchaku
自殺,suicide,jisatsu
屋,Shop,ya
現在,the current,genzai
一部,part,ichibu
行為,action,kōi
遺体,Body,itai
大切,important,taisetsu
関わ,Involved,kakawa
常,Always,tsune
感情,Emotion,kanjō
夕食,dinner,yūshoku
星,Star,hoshi
達也,Tatsuya,tatsuya
手紙,letter,tegami
混乱,confusion,konran
支配,Rule,shihai
影響,Impact,eikyō
受け入れ,accept,ukeire
知れ,Acquaintance,shire
行方,Whereabouts,yukue
少女,Girl,shōjo
位,Position,kurai
半分,half,hambun
誕生,birth,tanjō
超,Hyper,chō
施設,institution,shisetsu
殺せ,Kill,korose
向け,for,muke
機会,chance,kikai
人類,Human race,jinrui
正確,correct,seikaku
色々,various,iroiro
活動,Activity,katsudō
料理,cooking,ryōri
要求,request,yōkyū
再,Re -,sai
指示,Instructions,shiji
部隊,Troops,butai
何者,Who,nanimono
音楽,music,ongaku
上げ,Raising,age
管理,management,kanri
映像,picture,eizō
開始,start,kaishi
議員,Parliamentarians,giin
反対,oppose,hantai
勝手,selfish,katte
器,vessel,utsuwa
反応,reaction,hannō
可愛,cute,kawai
権利,right,kenri
女王,Queen,joō
師,Teacher,shi
大好き,really like,daisuki
面倒,troublesome,mendō
出発,departure,shuppatsu
引,Pulling out,引
保安,security,hoan
上が,Above,uega
決ま,Decision,kima
楽しみ,fun,tanoshimi
行き,Going out,iki
将軍,General,shōgun
担当,responsible person,tantō
事態,situation,jitai
一杯,a cup of,ichihai
近,Close,chika
発,Departure,hatsu
取り戻,Reconciliation,torimodo
偉大,Greatness,idai
結局,in the end,kekkyoku
ロシア,Russia,roshia
司令,command,shirei
平和,peace,heiwa
解放,release,kaihō
直,straight,tadashi
事務,Administrative office,jimu
瞬間,moment,shunkan
教授,Professor,kyōju
示,Indication,示
教会,Church,kyōkai
優し,Kind,yasashi
位置,position,ichi
以来,Since,irai
突然,suddenly,totsuzen
付き合,Association,tsukigō
集中,concentration,shūchū
通信,communication,tsūshin
あっち,There,atchi
契約,contract,keiyaku
異常,Abnormality,ijō
殺し,Killing,koroshi
部分,part,bubun
様子,state,yōsu
沢山,Lot,takusan
住所,address,jūsho
参加,Participation,sanka
旅,Journey,tabi
社,Shrine,sha
重,Heavy,omo
自然,Nature,shizen
殺害,Murder,satsugai
園,Garden,en
速人,Fastjin,hayajin
途中,in the middle,tochū
証言,testimony,shōgen
夏美,Summer beauty,natsumi
取れ,Gain,tore
前回,last time,zenkai
手術,Surgery,shujutsu
強盗,robbery,gōtō
種,seed,tane
魔女,witch,majo
信号,signal,shingō
専門,Specialty,semmon
閣下,Your Honor,kakka
会議,meeting,kaigi
美月,Beautiful moon,mizuki
提供,Providing,teikyō
離,Separation,hanare
荷物,load,nimotsu
安心,feel safe,anshin
基地,base,kichi
目撃,Witness,mokugeki
動き,Movement,ugoki
指,finger,yubi
時々,sometimes,tokidoki
怪物,monster,kaibutsu
会話,conversation,kaiwa
受け取,Receipt,uketo
一致,match,itchi
全体,whole,zentai
徳井,Tokoi,tokui
アンタ,You,anta
親,parent,oya
天使,angel,tenshi
勝利,victory,shōri
主義,Principle,shugi
旅行,trip,ryokō
死亡,death,shibō
夫人,Mrs.,fujin
目標,the goal,mokuhyō
個,Individual,ko
中国,China,chūgoku
生徒,student,seito
建物,building,tatemono
確信,conviction,kakushin
出会,encounter,deai
使用,use,shiyō
台,Stand,dai
社会,society,shakai
周り,Surroundings,mawari
市民,Citizen,shimin
色,colour,iro
停止,Stop,teishi
曲,song,kyoku
実験,experiment,jikken
直接,Direct,chokusetsu
川,river,kawa
ありがと,thank you,arigato
実行,execution,jikkō
半,half,han
乗せ,Boarding,nose
後悔,regret,kōkai
案内,guidance,annai
禁止,Ban,kinshi
距離,distance,kyori
次第,depend on,shidai
感染,infection,kansen
制御,control,seigyo
有名,famous,yūmei
戦闘,fight,sentō
以内,Within,inai
書類,document,shorui
偶然,Accidentally,gūzen
機械,machine,kikai
最終,Final,saishū
無視,ignore,mushi
王子,prince,ōji
呼吸,Breathing,kokyū
巨人,Giant,kyojin
軍隊,army,guntai
支援,support,shien
大人,adult,otona
同意,Consent,dōi
恋人,lover,koibito
知り合い,acquaintance,shiriai
努力,effort,doryoku
白,White,shiro
足り,Suffering,tari
進め,Advancement,susume
惑星,planet,wakusei
味方,Ally,mikata
回復,recovery,kaifuku
新聞,newspaper,shimbun
話し,story,hanashi
アパート,Apartment,apāto
組,set,kumi
アア,Ah,aa
生き残,Survival,ikinoko
一生,lifetime,isshō
処理,process,shori
兵器,weapons,heiki
方向,direction,hōkō
決定,Decision,kettei
当た,Afterwards,ata
アクセス,access,akusesu
満足,satisfaction,manzoku
クレア,Claire,kurea
神経,Nerve,shinkei
症,Illness,shō
親友,Close friend,shin'yū
流,Style,ryū
分析,analysis,bunseki
不思議,wonder,fushigi
限,Limit,kiri
半田,solder,handa
物語,story,monogatari
ア,ah,a
練習,training,renshū
久し,A long time,hisashi
他人,others,tanin
両方,both,ryōhō
南,South,minami
成長,growth,seichō
再び,again,futatabi
医,Doctor,i
指揮,Command,shiki
最大,maximum,saidai
病,disease,yamai
記事,article,kiji
時計,clock,tokei
アラン,Alan,aran
手段,means,shudan
高校,high school,kōkō
太陽,Sun,taiyō
具合,Condition,guai
青,Blue,ao
向,Direction,mukai
才能,talent,sainō
交換,exchange,kōkan
所有,Ownership,shoyū
最低,Lowest,saitei
救急,Emergency,kyūkyū
魅力,charm,miryoku
楽,easy,raku
応答,response,ōtō
最,Best,sai
修理,repair,shūri
勉強,study,benkyō
提案,suggestion,teian
資金,Funds,shikin
社長,president,shachō
ありさ,Existence,arisa
試合,game,shiai
気の毒,Sorry,kinodoku
金持ち,Rich man,kanemochi
安定,Stability,antei
指紋,fingerprint,shimon
流れ,flow,nagare
経,Sutra,kei
団,Group,dan
代,Substitute,dai
日間,Day,nichikan
午後,afternoon,gogo
政治,Politics,seiji
正体,Identity,shōtai
確保,Securing,kakuho
機能,function,kinō
優秀,excellence,yūshū
動か,move,ugoka
発生,occurrence,hassei
英雄,hero,eiyū
立場,position,tachiba
電気,electricity,denki
帽子,hat,bōshi
効果,effect,kōka
アンナ,Anna,anna
条件,conditions,jōken
確実,certainty,kakujitsu
連邦,Federation,rempō
規則,Rule,kisoku
土地,land,tochi
直ぐ,immediately,sugu
卒業,graduation,sotsugyō
手がかり,clue,tegakari
自己,self,jiko
列車,train,ressha
加減,Degree,kagen
暴力,violence,bōryoku
立派,fine,rippa
石,stone,ishi
同様,Same,dōyō
不安,anxiety,fuan
身体,body,shintai
ライアン,Ryan,raian
無線,wireless,musen
対処,handle,taisho
権,Right,ken
起動,start up,kidō
誤解,Misunderstanding,gokai
治,Cure,chi
雄基,Male group,yūki
接触,contact,sesshoku
名誉,honor,meiyo
説得,Persuasion,settoku
特定,identification,tokutei
標的,target,hyōteki
正義,justice,masayoshi
見張,Insight,miha
導,Guidance,shirube
無実,Innocence,mujitsu
アイツ,Guys,aitsu
興奮,excitement,kōfun
承知,know,shōchi
納得,agreement,nattoku
光栄,Honor,kōei
本部,Headquarters,hombu
変更,change,henkō
大佐,Colonel,taisa
空気,air,kūki
支払,payment,shiharai
あらゆる,every,arayuru
表,table,hyō
片付け,Cleaning up,katazuke
アダム,Adam,adamu
地図,map,chizu
法律,law,hōritsu
医療,medical care,iryō
台無し,spoil,dainashi
非,Unlucky,hi
貴様,you,kisama
形,shape,katachi
評価,evaluation,hyōka
都市,City,toshi
出身,where one is from,shusshin
釈放,release,shakuhō
大した,Great,taishita
保証,guarantee,hoshō
予想,Predict,yosō
省,Ministry,shō
疑問,Question,gimon
同僚,colleague,dōryō
変化,change,henka
交渉,negotiation,kōshō
合わせ,Match,awase
生命,life,seimei
村,village,mura
作業,work,sagyō
将来,future,shōrai
面,surface,men
悠里子,Yuriko,yūsatogo
空港,airport,kūkō
指輪,ring,yubiwa
巨大,Huge,kyodai
西,West,nishi
手配,Arrangement,tehai
工場,plant,kōjō
城,castle,shiro
取り,take,tori
話し合,Discussion,hanashigō
東,east,higashi
あるいは,or,aruiwa
目覚め,Awakening,mezame
金庫,safe,kinko
間違え,Mistake,machigae
馬場,Baba,baba
内部,internal,naibu
艦隊,fleet,kantai
食料,food,shokuryō
あり,can be,ari
保険,insurance,hoken
得意,good at,tokui
医師,Doctor,ishi
英語,English,eigo
離婚,divorce,rikon
子ども,Child,kodomo
違反,violation,ihan
公,public,ōyake
維持,Maintaining,iji
男の子,boy,otokonoko
政子,Government,masako
味,taste,aji
口座,account,kōza
大勢,in great numbers,taisei
鉄,iron,tetsu
親切,Kindness,shinsetsu
仕業,Work,shiwaza
贈り物,gift,okurimono
待機,stand-by,taiki
戦士,Warrior,senshi
知らせ,News,shirase
尋問,Interrogation,jimmon
発射,firing,hassha
食べ物,food,tabemono
系,system,kei
駅,station,eki
開発,development,kaihatsu
事情,Situation,jijō
育て,Raising,sodate
上司,boss,jōshi
国家,Nation,kokka
大使,Ambassador,taishi
機関,institution,kikan
生物,Creature,seibutsu
超え,Beyond,chōe
天才,genius,tensai
量,amount,ryō
横,beside,yoko
観,View,kan
入り,enter,hairi
正気,sanity,shōki
人質,hostage,hitojichi
有罪,Guilty,yūzai
約,about,yaku
中止,cancel,chūshi
発表,announcement,happyō
現金,cash,genkin
始末,Cleaning up,shimatsu
撮影,photograph,satsuei
衛星,satellite,eisei
都合,circumstances,tsugō
関連,connection,kanren
間に合,In time,manigō
小屋,Hut,koya
公園,park,kōen
単純,Simple,tanjun
王国,Kingdom,ōkoku
存知,Knowing,zonchi
加え,In addition,kuwae
道路,road,dōro
育,Raising,iku
神父,Priest,shimpu
慎重,Awareness,shinchō
生存,Survival,seizon
注文,order,chūmon
物質,material,busshitsu
関心,interest,kanshin
時期,season,jiki
駐車,Parking,chūsha
乗れ,Riding,nore
遺伝,Hereditary,iden
返事,reply,henji
エイリアン,alien,eirian
化学,Chemistry,kagaku
数え,Counting,kazoe
緊張,tension,kinchō
優先,priority,yūsen
米国,usa,beikoku
当て,Welcome,ate
出来事,event,dekigoto
設計,design,sekkei
大量,Mass,tairyō
投げ,Throwing,nage
内容,Content,naiyō
機密,Secret,kimitsu
授業,class,jugyō
義務,Duty,gimu
突き止め,Discontinuation,tsukitome
広,Widespread,hiro
通報,Report,tsūhō
文字,letter,moji
アップ,up,appu
学生,student,gakusei
オリビア,Olivia,oribia
暗殺,assassination,ansatsu
注目,attention,chūmoku
暗号,Cipher,angō
背中,back,senaka
囚人,Prisoner,shūjin
完成,Complete,kansei
休み,holiday,yasumi
孤独,Loneliness,kodoku
アイデア,idea,aidea
武装,Armament,busō
果た,End,hateta
地域,region,chiiki
始まり,Beginning,hajimari
見事,Brilliant,migoto
防衛,defense,bōei
人形,doll,ningyō
カリフォルニア,California,kariforunia
着陸,landing,chakuriku
文句,Complaint,monku
委員,Committee member,iin
地元,local,jimoto
自信,Confidence,jishin
貴女,you,kijo
知識,knowledge,chishiki
予約,reserve,yoyaku
メアリー,Mary,mearī
椅子,Chair,isu
教師,teacher,kyōshi
賛成,agreement,sansei
操作,operation,sōsa
要請,request,yōsei
記者,Reporter,kisha
今後,from now on,kongo
畜生,damn it,chikushō
伝説,Legend,densetsu
主張,Claim,shuchō
民,people,min
自ら,oneself,mizukara
死者,dead,shisha
アンディ,Andy,andi
機嫌,mood,kigen
小,small,shō
アリス,Alice,arisu
あきらめ,give up,akirame
程,Moderate,hodo
ばあ,Trajectory,baa
証人,witness,shōnin
議論,Discussion,giron
一般,Ordinary,ippan
先週,last week,senshū
放射,radiation,hōsha
程度,degree,teido
アホ,Stupid,aho
身元,Identity,mimoto
有難う,Thank you,arigatō
アーサー,Arthur,āsā
強力,Powerful,kyōryoku
同時,simultaneous,dōji
休暇,holiday,kyūka
拷問,torture,gōmon
出口,Exit,ideguchi
決断,decision,ketsudan
移,Transition,utsuri
大尉,Captain,taii
小僧,Kid,kozō
態度,attitude,taido
記念,anniversary,kinen
投資,investment,tōshi
危機,crisis,kiki
持て,Hold,mote
アナタ,you,anata
企業,Company,kigyō
接近,Approach,sekkin
世紀,century,seiki
一方,on the other hand,ippō
動け,Movement,ugoke
知ら,Knowing,shira
否定,denial,hitei
保管,storage,hokan
ジュリア,Julia,juria
吉森,Good forest,yoshimori
燃料,fuel,nenryō
源,source,minamoto
反,Anti,han
千,thousand,sen
順調,Smoothness,junchō
道具,tool,dōgu
状,Shape,jō
非難,Criticism,hinan
朝食,breakfast,chōshoku
環境,environment,kankyō
役立,Useful,yakuritsu
午前,morning,gozen
アーマン,Armor,āman
援護,Support,engo
動機,Motivation,dōki
売春,prostitution,baishun
令状,warrant,reijō
指導,Guidance,shidō
天国,heaven,tengoku
この世,This world,konoyo
代表,representative,daihyō
投票,vote,tōhyō
作れ,Make,tsukure
最善,Best,saizen
地上,Ground,chijō
手助け,help,tedasuke
婚約,engagement,kon'yaku
選手,player,senshu
保障,security,hoshō
自動,Automatic,jidō
呼び出,Calling out,yobide
売れ,Selling,ure
策,Measures,saku
伝言,message,dengon
経営,management,keiei
中尉,Lieutenant,chūi
休憩,rest,kyūkei
数学,Math,sūgaku
院,Hospital,in
夜中,Midnight,yonaka
番組,program,bangumi
作品,the work,sakuhin
種類,kinds,shurui
手遅れ,Being too late,teokure
外れ,Outlook,hazure
警戒,Vigilance,keikai
ジュリアン,Julian,jurian
似合,Goodbye,niai
犯行,crime,hankō
基本,Basics,kihon
影,Shadow,kage
読め,Reading,yome
警報,alarm,keihō
不足,Shortage,fusoku
門,gate,mon
同士,With each other,dōshi
動揺,upset,dōyō
手伝い,help,tetsudai
対応,correspondence,taiō
白人,White man,hakujin
科,Department,ka
推測,Speculation,suisoku
航空,Aviation,kōkū
国民,Citizen,kokumin
演奏,Performance,ensō
屋根,roof,yane
呼べ,Call,yobe
初,first time,hatsu
神々,Gods,kami々
自宅,one's home,jitaku
中毒,Poisoning,chūdoku
回収,collect,kaishū
特殊,Special,tokushu
降ろ,Descent,kudaro
市場,market,shijō
放せ,Unloading,hanase
帝国,Empire,teikoku
送信,send,sōshin
四,four,yon
国境,Border,kokkyō
芸術,art,geijutsu
殺し屋,Murderer,koroshiya
人殺し,Murder,hitogoroshi
資料,Document,shiryō
親し,Parents,shitashi
年代,Age,nendai
飲み物,drink,nomimono
正当,Legitimate,seitō
諜報,Intelligence,chōhō
単なる,mere,tannaru
感覚,feelings,kankaku
放送,broadcast,hōsō
老人,Old man,rōjin
夢中,Absorption,muchū
配置,Arrangement,haichi
支持,support,shiji
来れ,Come,kore
告白,Confession,kokuhaku
教育,education,kyōiku
従業,Business,jūgyō
看護,Nurse,kango
宝石,jewelry ,hōseki
生か,is it raw,namaka
利益,Profit,rieki
黒人,Black man,kokujin
農場,farm,nōjō
金曜,Friday,kin'yō
着け,Wearing,tsuke
アイス,ice,aisu
地区,district,chiku
保,Maintaining,ho
候補,candidate,kōho
認識,recognition,ninshiki
家庭,home,katei
近所,neighborhood,kinjo
持ち,Holding,mochi
中心,center,chūshin
接続,connection,setsuzoku
艦,Ship,kan
取得,Acquisition,shutoku
臆病,Timid,okubyō
若者,Youth,wakamono
観察,observation,kansatsu
大金,Big money,taikin
速度,speed,sokudo
今年,this year,kotoshi
使命,mission,shimei
数字,Number,sūji
独り,alone,hitori
術,Art,jutsu
中身,inside,nakami
座れ,Sitting,suware
登,Climbing,tō
応援,support,ōen
世間,World,seken
不幸,Unfortunate,fukō
アニー,Annie,anī
済み,Finished,sumi
理論,theory,riron
不能,Incompetence,funō
訪問,visit,hōmon
貴重,valuable,kichō
正,Positive,tadashi
連れ出,Taking out,tsurede
安,Cheap,yasu
阻止,Stopping,soshi
外出,Go out,gaishutsu
処分,disposal,shobun
アレ,That,are
少佐,Major,shōsa
来週,next week,raishū
権力,power,kenryoku
両手,both hands,ryōte
優れ,Superiority,sugure
共有,share,kyōyū
載,Listing,no
死刑,Death sentence,shikei
余計,Extra,yokei
無罪,Not guilty,muzai
深刻,serious,shinkoku
対策,measures,taisaku
運動,motion,undō
係,Clerk,kakari
東京,Tokyo,tōkyō
愛し,Love,itoshi
浮気,Flirtation,uwaki
登録,register,tōroku
発作,Seizure,hossa
権限,authority,kengen
か月,Month,kagetsu
輸送,shipping,yusō
中央,Center,chūō
あんまり,not really,ammari
集団,Group,shūdan
引っ張,Pulling,hippa
何百,hundreds,nanhyaku
限界,limit,genkai
下げ,Lowering,sage
波,wave,nami
何事,What,nanigoto
ありがた,Grateful,arigata
相当,Equivalent,sōtō
岩,rock,iwa
着替え,Change of clothes,kigae
趣味,hobby,shumi
全力,Full power,zenryoku
解除,lift,kaijo
計算,Calculation,keisan
降,Downhill,kuda
映,Film,utsu
財布,wallet,saifu
不満,complain,fuman
代理,Proxy,dairi
去年,last year,kyonen
賞,award,shō
一言,Word,hitokoto
連続,continue,renzoku
太,Slim,futoshi
最新,latest,saishin
金属,metal,kinzoku
とりあえず,for now,toriaezu
教,Teaching,kyō
イタリア,Italy,itaria
関与,Involvement,kan'yo
人気,popular,ninki
生き延び,Survival,ikinobi
下ろ,Downhill,kudaro
通常,generally,tsūjō
巡査,Police officer,junsa
報酬,Reward,hōshū
署名,signature,shomei
一族,Clan,ichizoku
反逆,Rebellion,hangyaku
助手,assistant,joshu
過ち,Reconciliation,ayamachi
美人,Beautiful,bijin
進行,Progress,shinkō
民間,private,minkan
余地,room,yochi
選挙,selection,senkyo
悲劇,tragedy,higeki
含,Including,含
財産,property,zaisan
離せ,Separate,hanase
共通,common,kyōtsū
滞在,stay,taizai
初め,beginning,hajime
合図,sign,aizu
国際,international,kokusai
事業,business,jigyō
当時,at that time,tōji
成,Creation,shigeru
電源,power supply,dengen
強制,Forced,kyōsei
革命,revolution,kakumei
潜入,Infiltration,sennyū
公平,fair,kōhei
公式,official,kōshiki
復活,revival,fukkatsu
派,Faction,ha
尾行,Tail,bikō
軍事,Military affairs,gunji
合衆,Cohesion,gōshū
含め,Including,fukume
結,Conclusion,yui
物事,things,monogoto
勿論,Of course,mochiron
念,Sense,nen
英国,British,eikoku
分け,Division,wake
地面,Ground,jimen
単に,simply,tanni
一瞬,for a moment,isshun
共同,Joint,kyōdō
販売,sale,hambai
体験,Experience,taiken
用事,business,yōji
存,Existence,son
身分,Status,mibun
集会,Rally,shūkai
火事,fire,kaji
車両,vehicle,sharyō
挑戦,challenge,chōsen
叔母,aunt,oba
配達,delivery,haitatsu
入手,obtain,nyūshu
資格,Qualification,shikaku
判事,Judge,hanji
小説,novel,shōsetsu
呪文,incantation,jumon
美味し,Delicious,umashi
女房,wife,nyōbō
反乱,Rebellion,hanran
マリア,Maria,maria
重大,Serious,jūdai
聖,Sacred,kiyoshi
産,Birth,san
通過,Passing,tsūka
正常,normal,seijō
アマンダ,Amanda,amanda
支え,Support,sasae
軍人,Soldier,gunjin
期間,period,kikan
アーロン,Aaron,āron
加わ,Join,kuwawa
五,Five,go
医学,Medicine,igaku
不要,Unnecessary,fuyō
天,Heaven,ten
馬鹿げ,Idiot,bakage
調整,Adjustment,chōsei
執行,Execution,shikkō
製,Manufacturing,sei
補,Supplement,ho
必死,Desperate,hisshi
バウアー,Bauer,bauā
不正,Fraud,fusei
クリア,clear,kuria
用件,Case,yōken
薬物,Drug,yakubutsu
創造,Creation,sōzō
乗り越え,Overcoming,norikoe
規模,scale,kibo
悪化,Worsening,akka
置き去り,Leaving behind,okizari
言い訳,excuse,īwake
業,Business,gō
申し上げ,Claim,mōshiage
制服,uniform,seifuku
顧客,client,kokyaku
護衛,escort,goei
無人,Unmanned,mujin
信仰,faith,shinkō
防,Prevention,bō
造,Construction,miyatsuko
当局,authorities,tōkyoku
告発,Accusation,kokuhatsu
日々,day to day,hibi
設定,setting,settei
正解,correct answer,seikai
変身,Transform,henshin
工作,Work,kōsaku
処刑,Execution,shokei
役割,role,yakuwari
一員,member,ichiin
発砲,Firing,happō
女子,Girl,joshi
電子,Electron,denshi
結論,Conclusion,ketsuron
真面目,serious,majime
予測,predict,yosoku
修正,Correction,shūsei
対象,subject,taishō
一時,Time,ichiji
風呂,bath,furo
取り出,Taking out,toride
手錠,handcuffs,tejō
牧師,Minister,bokushi
半沢,Semicircle,hanzawa
実現,realization,jitsugen
区,Ward,ku
種族,Race,shuzoku
時点,Point,jiten
代わ,Alternate,kawa
土曜,Saturday,doyō
広が,Widespread,hiroga
戦え,fight,tatakae
指令,Command,shirei
生き物,Creature,ikimono
美術,art,bijutsu
自慢,Pride,jiman
舞台,stage,butai
上げろ,Raise,agero
質,quality,shitsu
交通,traffic,kōtsū
引き起こ,Causing,hikioko
建て,Construction,tate
上昇,rise,jōshō
心理,Psychology,shinri
楽しめ,enjoy it,tanoshime
検討,examination,kentō
勤務,Work,kimmu
作用,Action,sayō
料,Fee,ryō
付き,Accompaniment,tsuki
隠れ家,Retreat,kakurega
隊長,Captain,taichō
世代,generation,sedai
前進,Advance,zenshin
決まり,Decision,kimari
繭子,Cowbo,mayuko
死因,cause of death,shiin
続き,continuation,tsuzuki
酸素,oxygen,sanso
凶器,Weapon,kyōki
引き受け,Undertake,hikiuke
助言,advice,jogen
国王,King,kokuō
外科,Surgery,geka
取り引き,transaction,torihiki
此処,here,koko
支払い,payment,shiharai
背後,Behind,haigo
図書,Book,tosho
際,edge,sai
症状,Symptoms,shōjō
話しかけ,Speech,hanashikake
引きず,Drag,hikizu
用心,Precaution,yōjin
転送,send on,tensō
公開,Release,kōkai
商売,business,shōbai
隔離,isolation,kakuri
理想,ideal,risō
月曜,Monday,getsuyō
派遣,Dispatch,haken
並,common,nami
表現,Expression,hyōgen
ジュニア,Junior,junia
乗客,passenger,jōkyaku
初めまして,nice to meet you,hajimemashite
目指,Aim,mokushi
年齢,age,nenrei
虐殺,Slaughter,gyakusatsu
アン,Ann,an
問,Question,toi
悪党,Villain,akutō
争,Dispute,争
使い,use,tsukai
現,Present,gen
本人,Person,honnin
十,Ten,jū
報道,Report,hōdō
分離,Separation,bunri
発信,Dissemination,hasshin
印象,impression,inshō
正面,front,shōmen
面会,Meeting,menkai
ヵ月,Month,kagetsu
上院,Senate,jōin
目立,Conspicuous,meritsu
戦略,strategy,senryaku
下り,Descent,kudari
艦長,Captain,kanchō
心当たり,Knowing,kokoroatari
引退,Retirement,intai
金融,Finance,kin'yū
無くな,No longer,nakuna
何千,Thousands,nansen
婦人,Woman,fujin
供給,supply,kyōkyū
同盟,alliance,dōmei
毎晩,every night,maiban
族,Tribe,zoku
商品,merchandise,shōhin
見当,Myanda,kentō
職員,Staff,shokuin
正式,Official,seishiki
近づけ,Approaching,chikazuke
一切,All,issai
祖母,grandmother,sobo
群れ,Flock,mure
皇帝,Emperor,kōtei
王女,princess,ōjo
共和,Republic,kyōwa
自転,rotation,jiten
アブ,Hop,abu
テア,Theater,tea
世の中,world,yononaka
級,Class,kyū
引っ越,Moving,hitsuetsu
魔術,Magic,majutsu
死人,Dead person,shinin
進化,evolution,shinka
直ちに,right away,tadachini
期,Period,ki
北部,Northern part,hokubu
充分,sufficient,jūbun
部長,Director,buchō
祝福,blessing,shukufuku
アイリス,Iris,airisu
庁,Government office,chō
アウト,out,auto
給料,salary,kyūryō
同情,sympathy,dōjō
議会,Parliament,gikai
黄色,yellow,kiiro
外国,foreign country,gaikoku
作動,Action,sadō
手掛かり,clue,tegakari
大臣,Minister,daijin
話題,topic,wadai
校長,head teacher,kōchō
恋愛,love,ren'ai
追加,addition,tsuika
検索,search,kensaku
連行,Derivation,renkō
立ち上が,Starting up,tachiaga
建設,construction,kensetsu
数百,hundreds,sūhyaku
成果,Achievement,seika
発言,comment,hatsugen
苦手,weak point,nigate
画像,image,gazō
取り組,Efforts,torigumi
何時,What time,itsu
類,Kind,rui
株,KK,kabu
司法,Justice,shihō
双子,twins,futago
放棄,Abandonment,hōki
出番,Turn,deban
電車,train,densha
玄関,front door,genkan
屋敷,Mansion,yashiki
当たり前,obvious,atarimae
直面,Facing,chokumen
共犯,Accomplice,kyōhan
笑い声,laughter,waraigoe
指名,name,shimei
具体,Concrete,gutai
野球,baseball,yakyū
突入,Entering,totsunyū
救世,Salvation,kyūsei
儀式,Ritual,gishiki
圧力,pressure,atsuryoku
ノア,Noah,noa
キャリア,Career,kyaria
聖書,Bible,seisho
連れ戻,Back,tsuremodo
アル,Al,aru
周辺,neighborhood,shūhen
高度,Advanced,kōdo
及,Aspect,及
大会,Conference,taikai
職場,workplace,shokuba
比べ,compared,kurabe
あた,Aspect,ata
日曜,Sunday,nichiyō
アドバイス,advice,adobaisu
知恵,wisdom,chie
融資,Loan,yūshi
最中,In the middle,saichū
乗り,Riding,nori
議長,Chairman,gichō
信念,belief,shinnen
連れ去,Taking away,tsuresa
入院,hospitalization,nyūin
気味,Creepy,kimi
借金,debt,shakkin
整理,Organizing,seiri
資産,assets,shisan
感動,Impressive,kandō
検死,Intolerance,kenshi
検察,Prosecutor,kensatsu
引け,Hesitancy,hike
アディ,Ade,adi
生涯,Life,shōgai
企,Planning,企
承認,Approval,shōnin
間抜け,Idiot,manuke
買い物,shopping,kaimono
高速,high speed,kōsoku
解雇,Dismissal,kaiko
昼食,lunch,chūshoku
天気,weather,tenki
引き金,trigger,hikigane
獲物,Prey,emono
再生,reproduction,saisei
古代,Ancient times,kodai
降伏,Surrender,gōbuku
南上,South,minamiue
役目,Role,yakume
宗教,religion,shūkyō
一同,All,ichidō
録,Record,roku
界,World,sakai
領域,region,ryōiki
ブライアン,Brian,buraian
屋上,rooftop,okujō
アルファ,alpha,arufa
暴行,assault,bōkō
発明,invention,hatsumei
社員,employee,shain
静流,Stagger,seiryū
検事,Prosecutor,kenji
世,world,yo
半年,Half a year,hantoshi
入り口,Entrance,irikuchi
あたり,Around,atari
同然,Like,dōzen
悪人,Bad man,akunin
達成,Achievement,tassei
弱点,Weakness,jakuten
評議,Discussion,hyōgi
戦場,battlefield,senjō
物理,Physics,butsuri
死に,Death,shini
進展,Progress,shinten
受信,Reception,jushin
菓子,Confectionery,kashi
高級,High -grade,kōkyū
死ね,Death,shine
アフリカ,Africa,afurika
主任,Chief,shunin
手順,procedure,tejun
野朗,Wild,norō
あちこち,Here and there,achikochi
時刻,Times of Day,jikoku
無効,invalid,mukō
防御,defense,bōgyo
送れ,Send,okure
複数,multiple,fukusū
下手,poor,heta
港,Port,minato
死後,After death,shigo
少々,a little,shōshō
電力,Electricity,denryoku
分間,Minute,funkan
廊下,hall,rōka
真ん中,middle,mannaka
事項,Matter,jikō
選べ,You can choose,erabe
処置,treatment,shochi
伝統,tradition,dentō
地点,point,chiten
曲が,Song,kyokuga
新人,Newcomer,shinjin
下ろせ,Drainage,orose
発電,Power generation,hatsuden
保存,keep,hozon
十字,cross,jūji
代償,Comparison,daishō
習,Training,習
愛情,love,aijō
評判,reputation,hyōban
誠人,Sincerity,masato
挙げ,List,age
構築,construction,kōchiku
解読,Decipherment,kaidoku
昇進,promotion,shōshin
住民,residents,jūmin
強化,Enhancement,kyōka
手続き,procedure,tetsuzuki
親愛,Love,shin'ai
直前,Right before,chokuzen
周囲,Surroundings,shūi
一歩,one step,ichiho
博物,Reality,hakubutsu
偽物,fake,nisemono
拡大,expansion,kakudai
競争,competition,kyōsō
随分,Considerably,zuibun
寄付,Donation,kifu
積,product,seki
以下,the following,ika
永久,Forever,eikyū
無用,useless,muyō
神聖,sacred,shinsei
消防,Firefighting,shōbō
大物,Big game,ōmono
製造,Manufacturing,seizō
立ち向か,Confronting,tachimuka
党,party,tō
公表,Publication,kōhyō
録音,recording,rokuon
素早,Quickness,subaya
ウィリアム,William,wiriamu
肉体,body,nikutai
年寄り,Elderly,toshiyori
誘導,Guidance,yūdō
起訴,Prosecution,kiso
内側,Inside,uchigawa
特徴,feature,tokuchō
友情,friendship,yūjō
やる気,Motivation,yaruki
自体,itself,jitai
広げ,Expansion,hiroge
取り上げ,Feature,toriage
やり直,Directly,yaritadashi
不法,Illegal,fuhō
展開,Development,tenkai
予備,spare,yobi
手下,Minion,teshita
カ月,Month,kagetsu
匿名,Anonymous,tokumei
張,Tension,chō
偵察,reconnaissance,teisatsu
国防,National defense,kokubō
王妃,Queen,ōhi
優勝,win,yūshō
黄金,Golden,ōgon
忠実,Faithful,chūjitsu
利口,Clever,rikō
中佐,Colonel,chūsa
取り除,Removal,torijo
分野,Field,bun'ya
果て,End,hate
登場,Appearance,tōjō
取締,control,torishimari
拍手,applause,hakushu
会計,total,kaikei
懸命,Hard,kemmei
部品,parts,buhin
本日,today,honjitsu
提出,Submission,teishutsu
売人,Seller,bainin
谷,valley,tani
争い,Conflict,arasoi
再開,Restart,saikai
人工,Artificial,jinkō
座標,Coordinate,zahyō
色んな,Various,ironna
地位,Status,chii
出会い,encounter,deai
置け,Place,oke
開放,Open,kaihō
経済,economic,keizai
小便,Piss,shōben
作家,Writer,sakka
率直,Frank,sotchoku
大声,Loud,ōgoe
手放,Release,tehō
基づ,Based,motozu
毎年,Every year,maitoshi
アビー,Abbey,abī
多少,Somewhat,tashō
編集,edit,henshū
数千,Thousands,sūsen
長年,Many years,naganen
独身,single,dokushin
材料,material,zairyō
部門,Department,bumon
エリア,area,eria
郡,county,gun
土,soil,do
出入り,Entering and leaving,deiri
意外,Surprisingly,igai
参,three,san
模様,pattern,moyō
予言,Prophecy,yogen
立ち去,Standing out,tachisa
植物,plant,shokubutsu
文書,documents,bunsho
善人,Good man,zennin
教わ,Teaching,kyōwa
先日,the other day,senjitsu
勝者,winner,shōsha
追放,Expulsion,tsuihō
付き合い,Dating,tsukiai
持ち主,Owner,mochinushi
適当,properness,tekitō
無料,free,muryō
孤児,Orphan,koji
手伝え,Help,tetsudae
空腹,Hunger,kūfuku
演,Performance,演
宣言,declaration,sengen
護,Protection,mamoru
引き上げ,Pulling up,hikiage
明白,Obvious,meihaku
制限,limit,seigen
侵略,Invasion,shinryaku
米,Rice,bei
幸福,happiness,kōfuku
合法,legal,gōhō
作り,Making,tsukuri
職業,Profession,shokugyō
国内,Domestic,kokunai
下着,underwear,shitagi
合格,Passing,gōkaku
ライアス,Rias,raiasu
化け物,monster,bakemono
葬式,funeral,sōshiki
音声,audio,onsei
構造,structure,kōzō
黙示,Apocalypse,mokushi
先ず,First,mazu
支店,branch,shiten
最強,strongest,saikyō
地震,earthquake,jishin
解明,Elucidation,kaimei
見付け,Founding,mitsuke
済ま,Finished,suma
購入,purchase,kōnyū
電波,Radio wave,dempa
提督,Admiral,teitoku
ツアー,Tours,tsuā
同行,Accompaniment,dōkō
尊重,respect,sonchō
期限,Deadline,kigen
メディア,media,media
空間,space,kūkan
自白,confession,jihaku
会見,Conference,kaiken
動脈,artery,dōmyaku
費用,cost,hiyō
マイアミ,Miami,maiami
狂気,Insanity,kyōki
銀,Silver,gin
海外,abroad,kaigai
売り,Selling,uri
劇場,theater,gekijō
隣人,neighbor,rinjin
木曜,Thursday,mokuyō
知り合,Acquaintance,shirigō
空け,Vacant,ake
多数,Majority,tasū
報復,Retaliation,hōfuku
面接,interview,mensetsu
外交,Diplomacy,gaikō
アンドリュー,Andrew,andoryū
内緒,secret,naisho
誠実,sincerity,seijitsu
中継,relay,chūkei
原子,atom,genshi
表示,display,hyōji
地方,Region,chihō
足跡,Footprint,ashiato
本名,Real name,hommyō
悪者,Bad guy,warumono
日付,date,hizuke
引き継,Take over,hikitsugi
守護,Protection,shugo
味わ,Taste,ajiwa
反撃,Counterattack,hangeki
再会,Reunion,saikai
言語,language,gengo
アフガニスタン,Afghanistan,afuganisutan
久利生,Hausui,hisarishō
行き先,destination,yukisaki
結末,Ending,ketsumatsu
無く,Without,naku
演技,acting,engi
継続,continuation,keizoku
無限,infinite,mugen
固定,Fixation,kotei
製品,product,seihin
送り込,Sending in,okurikomi
解け,Solving,toke
貨物,cargo,kamotsu
離陸,take off,ririku
潜水,diving,sensui
任,Appointment,nin
上着,Jacket,uwagi
空軍,Air Force,kūgun
アリ,Ants,ari
通話,Calling,tsūwa
押し入,Push -in,oshii
火曜,Tuesday,kayō
児,child,ko
一応,At once,ichiō
体制,System,taisei
栄光,glory,eikō
技,Technique,waza
単独,Independence,tandoku
自警,Police police,jikei
一晩,One night,ichiban
加速,acceleration,kasoku
過剰,excess,kajō
丁度,exactly,chōdo
不利,Unfavorable,furi
人種,Race,jinshu
民主,Democracy,minshu
交代,Change,kōtai
果,Fruit,hate
史上,History,shijō
引き渡,Handing over,hikiwatashi
独房,Germin,dokubō
民衆,people,minshū
陸軍,Army,rikugun
書け,Writing,kake
有効,valid,yūkō
検出,detection,kenshutsu
集合,set,shūgō
食え,Eating,kue
ピアノ,piano,piano
経歴,Career,keireki
判決,Judgment,hanketsu
利,Interest,ri
所持,Possession,shoji
進歩,Progress,shimpo
見解,View,kenkai
都,Capital,to
アーチャー,Archer,āchā
声明,statement,seimei
回避,Avoidance,kaihi
文化,culture,bunka
粒子,particle,ryūshi
アイリーン,Eyeline,airīn
通路,aisle,tsūro
坊主,Shaven,bōzu
持ち込,Bringing in,mochikomi
設置,Installation,setchi
載せ,Posting,nose
報,Report,hō
業界,industry,gyōkai
取り返,Obvious,torikae
意地,Intention,iji
獲得,Acquisition,kakutoku
変異,mutation,hen'i
調達,Procurement,chōtatsu
情熱,passion,jōnetsu
最適,Optimal,saiteki
区域,Area,kuiki
変人,geek,henjin
催眠,Hypnosis,saimin
現象,phenomenon,genshō
法的,legal,hōteki
本能,instinct,honnō
葉,leaf,ha
風邪,cold,kaze
仕上げ,Finishing,shiage
重力,gravity,jūryoku
着信,Incoming call,chakushin
台所,kitchen,daidokoro
変態,transformation,hentai
白状,Confidence,hakujō
アカデミー,Academy,akademī
飛び降り,Jumping off,tobiori
意気,Intention,iki
送り,Sending,okuri
近寄,Close,chikayo
成績,Result,seiseki
合流,Joining,gōryū
是非,I'd love to,zehi
例外,exception,reigai
同志,Comrades,dōshi
素直,honest,sunao
本来,Originally,honrai
皆殺し,Killing,minagoroshi
各,each,kaku
応,agreement,応
引き出,Withdrawal,hikide
主に,mainly,omoni
対抗,Competition,taikō
充電,charging,jūden
墓地,Graveyard,bochi
座り,sitting,suwari
売買,Buying and selling,baibai
大体,generally speaking,daitai
創,Foundation,sō
田舎,country,inaka
万歳,Banzai,banzai
同じく,Equally,onajiku
休め,Rest,yasume
見張り,Lookout,mihari
論,Argument,ron
番地,address,banchi
体重,body weight,taijū
直感,Intuition,chokkan
伝わ,Conveyor,tsutawa
衝動,impulse,shōdō
手首,wrist,tekubi
持ち帰,Take -back,mochikae
一種,One species,isshu
相応し,Appropriate,fusawashi
直後,Immediately after,chokugo
探知,Detection,tanchi
生き返,Revenge,ikikae
有能,efficient,yūnō
高価,expensive,kōka
人数,Number of people,ninzū
団体,Group,dantai
境界,boundary,kyōkai
制,Control,sei
日常,Everyday,nichijō
女優,actress,joyū
保持,Retention,hoji
迷子,Lost child,maigo
文明,civilization,bummei
有利,advantageous,yūri
向こう側,other side,mukōgawa
連合,Coalition,rengō
宮殿,Palace,kyūden
予感,Premonition,yokan
性的,sexual,seiteki
市警,Municipal police,shikei
次元,dimension,jigen
